Name,Mean,MeanLB,MeanUB,Stddev,StddevLB,StddevUB
500,11.313256509565731,11.121717738447762,11.414469673269528,0.16667944718964517,0.0,0.17530634192976213
